{
	"template":{
		"url":"string url",
		"method":"string method",
		"timeout":"int timeout"
	},
	"createActionProfile":{
		"url":"/backmeup-service-rest/plugins/{pluginId}?title={title}&profileType=action&configProperties={configProperties}&options={options}",
		"method":"post",
		"timeout":"3000"
	},
	"createSinkProfile":{
		"url":"/backmeup-service-rest/plugins/{pluginId}?title={title}&profileType=sink&configProperties={configProperties}&options={options}",
		"method":"post",
		"timeout":"3000"
	},
	"createSourceProfile":{
		"url":"/backmeup-service-rest/plugins/{pluginId}?title={title}&profileType=source&configProperties={configProperties}&options={options}",
		"method":"post",
		"timeout":"3000"
	},
	"getActions":{
		"url":"/backmeup-service-rest/plugins?types=action&expandProfiles={expandProfiles}",
		"method":"get",
		"timeout":"3000"
	},
	"getAll":{
		"url":"/backmeup-service-rest/plugins?types=all&expandProfiles={expandProfiles}",
		"method":"get",
		"timeout":"3000"
	},
	"getSinks":{
		"url":"/backmeup-service-rest/plugins?types=sink&expandProfiles={expandProfiles}",
		"method":"get",
		"timeout":"3000"
	},
	"getSources":{
		"url":"/backmeup-service-rest/plugins?types=source&expandProfiles={expandProfiles}",
		"method":"get",
		"timeout":"3000"
	}
}