{
	"jobs":{
		"url":"/jobs/{username}",
		"method":"get",
		"timeout":15000
	},
	"jobDetails":{
		"url":"/jobs/{username}/{jobId}",
		"method":"get",
		"timeout":15000
	},
	"changeJob":{
		"url":"/jobs/{username}/{jobId}",
		"method":"put",
		"timeout":15000
	},
	"createJob":{
		"url":"/jobs/{username}?sourceProfiles={sourceProfiles}&actions={actions}&sinkProfileId={sinkProfileId}&timeExpression{timeExpression}&keyRing{keyRing}&jobTitle={jobTitle}{OPTIONS}",
		"method":"post",
		"timeout":15000
	},
	"deleteJob":{
		"url":"/jobs/{username}/{jobId}",
		"method":"delete",
		"timeout":15000
	},
	"jobStatus":{
		"url":"/jobs/{username}/{jobId}/status?fromDate={fromDate}&toDate={toDate}",
		"method":"get",
		"timeout":15000
	},
	"jobsStatus":{
		"url":"/jobs/{username}/status",
		"method":"get",
		"timeout":15000
	},
	"fileDetails":{
		"url":"/jobs/{username}/{fileId}/details",
		"method":"get",
		"timeout":15000
	},
	"jobStatusOverview":{
		"url":"/jobs/{username}/status/overview",
		"method":"get",
		"timeout":15000
	},
	"validateJob":{
		"url":"/jobs/{username}/validate/{jobId}?keyRing={keyRing}",
		"method":"post",
		"timeout":15000
	}
}