{
	"login":{
		"url":"/users/{username}/login?password={password}",
		"method":"post",
		"timeout":15000
	},
	"register":{
		"url":"/users/{username}/register?password={password}&email={email}&keyRing={keyRing}",
		"method":"post",
		"timeout":15000
	},
	"newVerficiationEmail":{
		"url":"/users/{username}/newVerificationEmail",
		"method":"get",
		"timeout":15000
	},
	"verifyEmail":{
		"url":"/users/{verificationKey}/verifyEmail",
		"method":"get",
		"timeout":15000
	},
	"userDetails":{
		"url":"/users/{username}",
		"method":"get",
		"timeout":15000
	},
	"deleteUser":{
		"url":"/users/{username}",
		"method":"delete",
		"timeout":15000
	},
	"changeUser":{
		"url":"/users/{oldUsername}?username={username}&oldPassword={oldPassword}&oldKeyRing={oldKeyRing}&password={password}&newKeyRing={newKeyRing}&email={email}",
		"method":"put",
		"timeout":15000
	},
	"deleteIndex":{
		"url":"/users/{username}/deleteIndex",
		"method":"get",
		"timeout":15000
	},
	"getUserProperty":{
		"url":"/users/{username}/properties/{property}",
		"method":"get",
		"timeout":15000
	},
	"setUserProperty":{
		"url":"/users/{username}/properties/{property}/{value}",
		"method":"post",
		"timeout":15000
	},
	"deleteUserProperty":{
		"url":"/users/properties/{property}",
		"method":"delete",
		"timeout":15000
	},
	"keySrvLogs":{
		"url":"/users/{username}/keysrvlogs",
		"method":"get",
		"timeout":15000
	}
}