{
	"name":"HtmlTemplates",
	"shortname":"template",
	"templates":{
		"JQueryMobilePageStructure":"../template/JQueryMobilePageStructure.html",
		"JQueryMobileNavigationPanel":"../template/JQueryMobileNavigationPanel.html",
		"JQueryMobilePopupDialog":"../template/JQueryMobilePopupDialog.html",
		"JQueryMobilePopupAlert":"../template/JQueryMobilePopupAlert.html",
		"themis":{
			"ThemisHeaderContent":"../template/ThemisHeaderContent.html",
			"ThemisNavigationPanelContent":"../template/ThemisNavigationPanelContent.html"
		},
		"responsive":{
			"grid-33-33-33":"../template/app.responsive.grid.33.33.33.html",
			"listA":"../template/app.responsive.list.A.html"
		}
	}
}