{
	"Actions":true,
	"Debug":true,
	"Detector":true,
	"FormInputDesigner":true,
	"GlobalPage":true,
	"GlobalSettings":true,
	"HelperFunctions":true,
	"HTML5Storage":true,
	"HtmlTemplates":true,
	"ImageProvider":true,
	"Informator":true,
	"jQueryExtend":true,
	"KeyValueStack":true,
	"LoadExternalScripts":true,
	"MultilanguageIso639_3":true,
	"native_batteryStatus":false,
	"native_camera":false,
	"native_console":false,
	"native_contacts":false,
	"native_cordova":false,
	"native_device":false,
	"native_deviceMotion":false,
	"native_deviceOrientation":false,
	"native_dialogs":false,
	"native_file":false,
	"native_fileTransfer":false,
	"native_geolocation":false,
	"native_globalization":false,
	"native_inappbrowser":false,
	"native_media":false,
	"native_mediaCapture":false,
	"native_networkInformation":false,
	"native_splashscreen":false,
	"native_statusbar":false,
	"native_vibration":false,
	"Notification":true,
	"RestClient":true,
	"WebServiceClient":true
}