{
	"name":"WebServiceClient",
	"shortname":"wsc",
	"defaultWebServiceTimeoutMs":16000,
	"defaultWebServiceMethod":"post",
	"defaultWebServiceType":"json",
	"defaultWebServiceContentType":"application/json; charset=utf-8",
	"useKeepAlive":false,
	"keepAlive":{
		"keepAliveIntervalInS": 20,
		"keepAlivePath":"/backmeup-service-rest/users",
		"method":"get",
		"type":"json",
		"timeout":"12000",
		"lastDuration":null,
		"isAlive":true,
		"maximumResponseTime":15000,
		"error":{
			"text":"",
			"code":0
		}
	},
	"useHeaderToken":true,
	"headerToken":{
		"key":"Authorization",
		"value":"data-html5-themis-token"
	},
	"preferedServer":{
		"scheme":null,
		"scheme_specific_part":null,
		"host":null,
		"port":null
	},
	"server":{
		"first":{
			"scheme":"http",
			"scheme_specific_part":"://",
			"host":"themis-dev01.backmeup.at",
			"port":80
		},
		"second":null,
		"third":null,
		"fouth":null,
		"fifth":null
	}
}