{
	"name":"WebServiceClient",
	"shortname":"wsc",
	"defaultWebServiceTimeoutMs":5000,
	"defaultWebServiceMethod":"post",
	"defaultWebServiceType":"json",
	"useKeepAlive":true,
	"keepAlive":{
		"keepAliveIntervalInS": 20,
		"keepAlivePath":"/datasources",
		"method":"get",
		"type":"json",
		"timeout":"12000",
		"lastDuration":null,
		"isAlive":true,
		"maximumResponseTime":13000,
		"error":{
			"text":"",
			"code":0
		}
	},
	"preferedServer":{
		"scheme":null,
		"scheme_specific_part":null,
		"host":null,
		"port":null
	},
	"server":{
		"first":{
			"scheme":"http",
			"scheme_specific_part":"://",
			"host":"www.backmeup.at",
			"port":8080
		},
		"second":null,
		"third":null,
		"fouth":null,
		"fifth":null
	}
}