{
	"name":"LoadExternalScripts",
	"shortname":"load",
	"scripts":{
		"css":{
			"../ext/jquery.mobile-1.4.2.min.css":true,
			"../css/fonts.css":true,
			"../css/global.css":true,
			"../css/platform.android.css":true,
			"../css/platform.desktop.css":true,
			"../css/platform.ios.css":true,
			"../css/platform.mobile.css":true,
			"../css/platform.cordova.css":true,
			"../template/app.responsive.grid.33.33.33.css":"true",
			"../template/app.responsive.grid.25.75.css":"true",
			"../template/app.responsive.grid.75.25.css":"true"
			
		},
		"javascript":{
			"../ext/MD5.js":true,
			"../ext/DATE.js":true,
			"../ext/aerogear.min.js":true
		}
	}
}